{"loss": [1.3670376539230347, 0.4574907422065735, 0.2814689874649048, 0.18990644812583923, 0.14173735678195953, 0.11232618242502213, 0.09045622497797012, 0.07780776172876358, 0.06502322852611542, 0.05900466442108154], "accuracy": [0.5976812243461609, 0.8555231690406799, 0.9089977741241455, 0.9383028745651245, 0.9531545639038086, 0.9637954235076904, 0.9703534841537476, 0.9740380048751831, 0.9785902500152588, 0.9807810187339783], "val_loss": [0.5089653730392456, 0.3931330144405365, 0.20396092534065247, 0.1558944433927536, 0.13860972225666046, 0.14372657239437103, 0.10978648066520691, 0.09860162436962128, 0.11700717359781265, 0.10789744555950165], "val_accuracy": [0.8424197435379028, 0.8712155818939209, 0.9350671768188477, 0.9490097761154175, 0.9562941193580627, 0.9568063020706177, 0.9630662202835083, 0.9692124128341675, 0.9628955125808716, 0.9664238691329956]}